id,date_created,token,
1,6/21/2020,someToken1,
2,6/21/2020,someToken2,
3,6/21/2020,someToken3,
4,6/21/2020,someToken4,
5,6/21/2020,someToken5,
6,6/21/2020,someToken6,
7,6/21/2020,someToken7,
8,6/21/2020,someToken8,
9,6/21/2020,someToken9,
10,6/21/2020,someToken10,
11,6/21/2020,someToken11,
12,6/21/2020,someToken12,
13,6/21/2020,someToken13,
14,6/21/2020,someToken14,
15,6/21/2020,someToken15,
16,6/21/2020,someToken16,
17,6/21/2020,someToken17,
18,6/21/2020,someToken18,
19,6/21/2020,someToken19,
20,6/21/2020,someToken20,
